CREATE TABLE LOGIN
(ID INTEGER ,
NAME VARCHAR(30),
CONTACT  CHAR(10),
PASSWORD VARCHAR(20),
DOB DATE,
SEX VARCHAR(10),
CATEGORY VARCHAR(20),
PRIVILEDGE VARCHAR(20),
PRIMARY KEY(ID)
);


INSERT INTO LOGIN VALUES(3735,'ALEX',9897332922,'NUTMEG01','1988-03-22','MALE','BELL DESK',NULL);
INSERT INTO LOGIN VALUES(3736,'JENIFER',9997132690,'PANNA02','1995-08-21','FEMALE','RECEPTIONIST',NULL);
INSERT INTO LOGIN VALUES(3737,'CHRIS',8785332930,'RAINBOW03','1991-06-18','MALE','SECURITY',NULL);
INSERT INTO LOGIN VALUES(3738,'JULES',7575323220,'PROTOTYPE04','1985-01-09','FEMALE','BELL DESK',NULL);
INSERT INTO LOGIN VALUES(3739,'CHARLES',9910322920,'ALADEEN05','1982-04-23','MALE','SECURITY',NULL);
INSERT INTO LOGIN VALUES(3740,'UTHEJ',9897033292,'MADRID06','1986-11-05','MALE','GUEST','PREMIUM');
INSERT INTO LOGIN VALUES(3741,'MAHIR',9987322930,'JOKER07','1992-09-14','MALE','MANAGER',NULL);
INSERT INTO LOGIN VALUES(3742,'SPANDANA',9997322927,'BATMAN08','1998-10-25','FEMALE','GUEST','ELITE');
INSERT INTO LOGIN VALUES(3743,'GAUTAM',9910322945,'DEADPOOL09','1989-08-17','MALE','GUEST','REGULAR');
INSERT INTO LOGIN VALUES(3744,'KRISH',8785322911,'SINBAD10','1995-08-21','OTHER','GUEST','PREMIUM'); 
INSERT INTO LOGIN VALUES(3745,'THOMAS',7785322910,'LANTERN11','1974-12-25','MALE','GUEST','REGULAR');
INSERT INTO LOGIN VALUES(3746,'TANAYA',8785322902,'ROBIN12','1989-12-18','FEMALE','GUEST','REGULAR');
INSERT INTO LOGIN VALUES(3747,'JASON',7575322914,'SCHALKE13','1994-07-19','MALE','GUEST','REGULAR');
INSERT INTO LOGIN VALUES(3748,'ROSS',8785322923,'BAYER14','1972-06-13','MALE','GUEST','ELITE');
INSERT INTO LOGIN VALUES(3749,'SIMON',9915322909,'SUPERMAN15','1988-05-12','MALE','GUEST','PREMIUM');
INSERT INTO LOGIN VALUES(3750,'SASHA',9997322988,'BANE16','1993-08-15','FEMALE','GUEST','REGULAR');

CREATE TABLE ROOM(
ROOM INTEGER,
CATEGORY VARCHAR(20),
AVAILABLE CHAR(1),
ID INTEGER,
FOREIGN KEY(ID) REFERENCES LOGIN(ID),
PRIMARY KEY(ROOM)
);

INSERT INTO ROOM VALUES(0100,'SUITE','N',3750);
INSERT INTO ROOM VALUES(0101,'SUITE','N',3749);
INSERT INTO ROOM VALUES(0102,'SUITE','Y',NULL);
INSERT INTO ROOM VALUES(0103,'PRESIDENTIAL SUITE','Y',NULL);
INSERT INTO ROOM VALUES(0104,'PRESIDENTIAL SUITE','N',3748);
INSERT INTO ROOM VALUES(0105,'PRESIDENTIAL SUITE','Y',NULL);
INSERT INTO ROOM VALUES(0106,'LUXURY','N',3747);
INSERT INTO ROOM VALUES(0107,'LUXURY','N',3746);
INSERT INTO ROOM VALUES(0108,'SUPER LUXURY','Y',NULL);
INSERT INTO ROOM VALUES(0109,'SUPER LUXURY','N',3745);
INSERT INTO ROOM VALUES(0200,'SUITE','N',3744);
INSERT INTO ROOM VALUES(0201,'SUITE','N',3743);
INSERT INTO ROOM VALUES(0202,'PRESIDENTIAL SUITE','N',3742);
INSERT INTO ROOM VALUES(0203,'PRESIDENTIAL SUITE','Y',NULL);
INSERT INTO ROOM VALUES(0204,'PRESIDENTIAL SUITE','Y',NULL);
INSERT INTO ROOM VALUES(0205,'LUXURY','Y',NULL);
INSERT INTO ROOM VALUES(0206,'LUXURY','Y',NULL);
INSERT INTO ROOM VALUES(0207,'SUPER LUXURY','N',3740);
INSERT INTO ROOM VALUES(0208,'SUPER LUXURY','Y',NULL);
INSERT INTO ROOM VALUES(0209,'SUITE','Y',NULL);
INSERT INTO ROOM VALUES(0300,'SUITE','Y',NULL);
INSERT INTO ROOM VALUES(0301,'PRESIDENTIAL SUITE','Y',NULL);
INSERT INTO ROOM VALUES(0302,'PRESIDENTIAL SUITE','Y',NULL);
INSERT INTO ROOM VALUES(0303,'LUXURY','Y',NULL);
INSERT INTO ROOM VALUES(0304,'SUPER LUXURY','Y',NULL);




CREATE TABLE CAB(
CAB_NO INTEGER,
AVAILABILTY CHAR(1),
ID INTEGER,
FOREIGN KEY(ID) REFERENCES  LOGIN(ID),
PRIMARY KEY(CAB_NO)
);

INSERT INTO CAB VALUES(1,'N',3750);
INSERT INTO CAB VALUES(2,'N',3749);
INSERT INTO CAB VALUES(3,'Y',NULL);
INSERT INTO CAB VALUES(4,'Y',NULL);
INSERT INTO CAB VALUES(5,'N',3748);
INSERT INTO CAB VALUES(6,'Y',NULL);
INSERT INTO CAB VALUES(7,'Y',NULL);
INSERT INTO CAB VALUES(8,'N',3747);
INSERT INTO CAB VALUES(9,'Y',NULL);
INSERT INTO CAB VALUES(10,'N',3746);


CREATE TABLE PAYMENT(
ID INTEGER,
SERVICE VARCHAR(20),
AMOUNT NUMERIC(8,2),
ORDER_DATE DATE,
FOREIGN KEY (ID) REFERENCES LOGIN(ID),
PRIMARY KEY(ID)
);


INSERT INTO PAYMENT VALUES(3740,'LAUNDRY',100.00,'2019-01-02');
INSERT INTO PAYMENT VALUES(3740,'EXTRA BEDS',200.00,'2019-01-02');
INSERT INTO PAYMENT VALUES(3740,'LAUNDRY',100.00,'2019-01-04');


INSERT INTO PAYMENT VALUES(3742,'EXTRA BEDS',200.00,'2019-02-04');
INSERT INTO PAYMENT VALUES(3742,'WATER BOTTLES',20.00,'2019-02-04');
INSERT INTO PAYMENT VALUES(3742,'LAUNDRY',100.00,'2019-02-04');
INSERT INTO PAYMENT VALUES(3742,'EXTRA TOWELS',200.00,'2019-02-04');

INSERT INTO PAYMENT VALUES(3743,'EXTRA TOWELS',70.00,'2019-03-04');

INSERT INTO PAYMENT VALUES(3744,'WATER BOTTLES',20.00,'2019-04-05');
INSERT INTO PAYMENT VALUES(3744,'EXTRA BEDS',200.00,'2019-04-05');
INSERT INTO PAYMENT VALUES(3744,'LAUNDRY',100.00,'2019-04-05');

INSERT INTO PAYMENT VALUES(3745,'LAUNDRY',100.00,'2019-05-05');

INSERT INTO PAYMENT VALUES(3746,'EXTRA BEDS',200.00,'2019-06-09');
INSERT INTO PAYMENT VALUES(3746,'EXTRA TOWELS',70.00,'2019-06-09');
INSERT INTO PAYMENT VALUES(3746,'LAUNDRY',200.00,'2019-06-09');

INSERT INTO PAYMENT VALUES(3747,'WATER BOTTLES',20.00,'2019-07-09');
INSERT INTO PAYMENT VALUES(3747,'EXTRA TOWELS',70.00,'2019-07-09');
INSERT INTO PAYMENT VALUES(3747,'LAUNDRY',100.00,'2019-07-09');

INSERT INTO PAYMENT VALUES(3748,'LAUNDRY',100.00,'2019-08-08');
INSERT INTO PAYMENT VALUES(3749,'WATER BOTTLES',20.00,'2019-09-11');

INSERT INTO PAYMENT VALUES(3750,'LAUNDRY',100.00,'2019-10-10');
INSERT INTO PAYMENT VALUES(3750,'EXTRA BEDS',200.00,'2019-10-10');
INSERT INTO PAYMENT VALUES(3750,'WATER BOTTLES',20.00,'2019-10-10');




CREATE TABLE RESTAURANT 
( ID INTEGER,
ITEM_ORDERED VARCHAR(10),
COST INTEGER,
ORDERED_WHEN DATE,
FOREIGN KEY (ID) REFERENCES LOGIN(ID),
PRIMARY KEY(ID)
);
INSERT INTO RESTAURANT VALUES(3740,'PASTA',220.00,'2019-01-01');
INSERT INTO RESTAURANT VALUES(3740,'ICECREAM',40.00,'2019-01-01');
INSERT INTO RESTAURANT VALUES(3740,'BURGER',70.00,'2019-01-02');
INSERT INTO RESTAURANT VALUES(3740,'COFFEE',20.00,'2019-01-02');

INSERT INTO RESTAURANT VALUES(3742,'PIZZA',250.00,'2019-02-02');
INSERT INTO RESTAURANT VALUES(3742,'PASTA',220.00,'2019-02-03');
INSERT INTO RESTAURANT VALUES(3742,'ICECREAM',40.00,'2019-02-04');
INSERT INTO RESTAURANT VALUES(3742,'TEA',20.00,'2019-02-05');

INSERT INTO RESTAURANT VALUES(3743,'FRIES',75.00,'2019-03-03');
INSERT INTO RESTAURANT VALUES(3743,'COFFEE',20.00,'2019-03-03');
INSERT INTO RESTAURANT VALUES(3743,'CEREAL',30.00,'2019-03-04');
INSERT INTO RESTAURANT VALUES(3743,'MILKSHAKE',75.00,'2019-03-04');
INSERT INTO RESTAURANT VALUES(3743,'SPAGHETTI',180.00,'2019-03-09');

INSERT INTO RESTAURANT VALUES(3744,'PASTA',220.00,'2019-04-04');
INSERT INTO RESTAURANT VALUES(3744,'ICECREAM',40.00,'2019-04-04');

INSERT INTO RESTAURANT VALUES(3745,'NOODLES',200.00,'2019-05-05');
INSERT INTO RESTAURANT VALUES(3745,'COFFEE',20.00,'2019-05-05');
INSERT INTO RESTAURANT VALUES(3745,'BURGER',200.00,'2019-05-06');

INSERT INTO RESTAURANT VALUES(3746'CEREAL',30.00,'2019-06-06');
INSERT INTO RESTAURANT VALUES(3746'PASTA',220.00,'2019-06-07');
INSERT INTO RESTAURANT VALUES(3746'ICECREAM',40.00,'2019-06-09');

INSERT INTO RESTAURANT VALUES(3747,'SPAGHETTI',180.00,'2019-07-07');
INSERT INTO RESTAURANT VALUES(3747,'CEREAL',30.00,'2019-07-09');
INSERT INTO RESTAURANT VALUES(3747,'PASTA',220.00,'2019-07-11');
INSERT INTO RESTAURANT VALUES(3747,'TEA',20.00,'2019-07-12');

INSERT INTO RESTAURANT VALUES(3748,'BURGER',130.00,'2019-08-08');
INSERT INTO RESTAURANT VALUES(3748,'CEREAL',30.00,'2019-08-08');
INSERT INTO RESTAURANT VALUES(3748,'PASTA',220.00,'2019-08-08');


INSERT INTO RESTAURANT VALUES(3749,'ICECREAM',40.00,'2019-09-09');
INSERT INTO RESTAURANT VALUES(3749,'PASTA',220.00,'2019-09-09');
INSERT INTO RESTAURANT VALUES(3749,'PIZZA',250.00,'2019-09-10');
INSERT INTO RESTAURANT VALUES(3749,'COFFEE',20.00,'2019-09-10');

INSERT INTO RESTAURANT VALUES(3750,'ICED TEA',70.00,'2019-10-10');
INSERT INTO RESTAURANT VALUES(3750,'STEAK',270.00,'2019-10-10');



CREATE TABLE SALARY 
( ID INTEGER,
SALARY DECIMAL(8,2),
DUE_DATE DATE,
CATEGORY VARCHAR(10),
FOREIGN KEY (ID) REFERENCES LOGIN(ID),
PRIMARY KEY(ID)
);

INSERT INTO SALARY VALUES(3735,'20000','2019-07-31','BELL DESK');
INSERT INTO SALARY VALUES(3738,'20000','2019-07-31','BELL DESK');
INSERT INTO SALARY VALUES(3736,'25000','2019-07-31','RECEPTIONIST');
INSERT INTO SALARY VALUES(3737,'15000','2019-07-31','SECURITY');
INSERT INTO SALARY VALUES(3739,'15000','2019-07-31','SECURITY');
INSERT INTO SALARY VALUES(3741,'30000','2019-07-31','MANAGER');

CREATE TABLE BOOKING_LOG
(
ID INTEGER,
ROOM_NO INTEGER,
FROM_DATE DATE,
TO_DATE DATE,
PAYMENT_ID INTEGER,
FOREIGN KEY (ID) REFERENCES LOGIN(ID),
PRIMARY KEY(ID)
);


INSERT INTO BOOKING_LOG VALUES(3740,0207,'2019-01-01','2019-01-05',1);
INSERT INTO BOOKING_LOG VALUES(3742,0202,'2019-02-02','2019-02-07',2);
INSERT INTO BOOKING_LOG VALUES(3743,0201,'2019-03-03','2019-03-10',3);
INSERT INTO BOOKING_LOG VALUES(3744,0200,'2019-04-04','2019-04-06',4);
INSERT INTO BOOKING_LOG VALUES(3745,0109,'2019-05-05','2019-05-06',5);
INSERT INTO BOOKING_LOG VALUES(3746,0107,'2019-06-06','2019-06-10',6);
INSERT INTO BOOKING_LOG VALUES(3747,0106,'2019-07-07','2019-07-12',7);
INSERT INTO BOOKING_LOG VALUES(3748,0104,'2019-08-08','2019-08-09',8);
INSERT INTO BOOKING_LOG VALUES(3749,0101,'2019-09-09','2019-09-12',9);
INSERT INTO BOOKING_LOG VALUES(3750,0100,'2019-10-10','2019-10-11',10);


CREATE TABLE SHIFT_DETAILS
(
ID INTEGER,
DATE DATE,
TIME_START TIMESTAMP,
TIME_END TIMESTAMP,
NO_OF_HOURS INTEGER,
FOREIGN KEY (ID) REFERENCES LOGIN(ID),
PRIMARY KEY(ID)
);


INSERT INTO SHIFT_DETAILS VALUES(3735,'2019-10-06','2019-10-06 08:00:00','2019-10-06 20:00:00',12);

INSERT INTO SHIFT_DETAILS VALUES(3738,'2019-10-06','2019-10-06 20:00:00','2019-10-07 08:00:00',12);

INSERT INTO SHIFT_DETAILS VALUES(3736,'2019-10-06','2019-10-06 10:00:00','2019-10-06 18:00:00',8);

INSERT INTO SHIFT_DETAILS VALUES(3737,'2019-10-06','2019-10-06 08:00:00','2019-10-06 20:00:00',12);

INSERT INTO SHIFT_DETAILS VALUES(3739,'2019-10-06','2019-10-06 20:00:00','2019-10-07 08:00:00',12);

INSERT INTO SHIFT_DETAILS VALUES(3741,'2019-10-06','2019-10-06 10:00:00','2019-10-06 18:00:00',8);



 



